Tên Công Ty,Google Maps Link,Số Sao (Rating)
PARK ELECTRONICS VINA,https://www.google.com/maps/search/PARK+ELECTRONICS+VINA+HA+NAM+Vietnam,4.8
PARK’S MANUFACTURING,https://www.google.com/maps/search/PARK’S+MANUFACTURING+HA+NOI+Vietnam,4.5
PARTNER ENG VINA,https://www.google.com/maps/search/PARTNER+ENG+VINA+HA+NAM+Vietnam,4.5
PARTRON VINA,https://www.google.com/maps/search/PARTRON+VINA+VINH+PHUC+Vietnam,4.3
PDE,https://www.google.com/maps/search/PDE+HA+NOI+Vietnam,4.8
"PDT VINA Co.,Ltd","https://www.google.com/maps/search/PDT+VINA+Co.,Ltd+BAC+NINH+Vietnam",4.4
Persolkelly,https://www.google.com/maps/search/Persolkelly+HA+NOI+Vietnam,4.3
Pet Story,https://www.google.com/maps/search/Pet+Story+HA+NOI+Vietnam,4.3
PGL Logistics,https://www.google.com/maps/search/PGL+Logistics+HA+NOI+Vietnam,4.4
PHC VIET NAM COMPANY LIMITED,https://www.google.com/maps/search/PHC+VIET+NAM+COMPANY+LIMITED+HAI+PHONG+Vietnam,3.8
PHILKO VINA,https://www.google.com/maps/search/PHILKO+VINA+BAC+GIANG+Vietnam,4.5
PHO WAY COMPANY LIMITED,https://www.google.com/maps/search/PHO+WAY+COMPANY+LIMITED+QUANG+NAM+Vietnam,4.6
Phoenix Golf Resort,https://www.google.com/maps/search/Phoenix+Golf+Resort+HOA+BINH+Vietnam,
PHU HUNG TRADING & SERVICE JSC,https://www.google.com/maps/search/PHU+HUNG+TRADING+&+SERVICE+JSC+HA+NOI+Vietnam,4.4
"PHU KHANH DUTY FREE TRADING CO.,LTD","https://www.google.com/maps/search/PHU+KHANH+DUTY+FREE+TRADING+CO.,LTD+DA+NANG+Vietnam",4.1
PHUONG DONG GOLF,https://www.google.com/maps/search/PHUONG+DONG+GOLF+HA+NOI+Vietnam,4.3
PHUONG TRANG SPECIAL STEEL,https://www.google.com/maps/search/PHUONG+TRANG+SPECIAL+STEEL+HA+NOI+Vietnam,4.6
PI TECH VINA COMPANY LIMITED,https://www.google.com/maps/search/PI+TECH+VINA+COMPANY+LIMITED+BAC+NINH+Vietnam,4.7
PIBS VINA COMPANY LIMITED,https://www.google.com/maps/search/PIBS+VINA+COMPANY+LIMITED+THAI+NGUYEN+Vietnam,4.3
"PIEL INTERNATIONAL CO.,LTD","https://www.google.com/maps/search/PIEL+INTERNATIONAL+CO.,LTD+KOREA+Vietnam",4.3
"PIKOR ASEAN Co.,LTD","https://www.google.com/maps/search/PIKOR+ASEAN+Co.,LTD+HA+NOI+Vietnam",4.1
"PIM VINA Co., LTD","https://www.google.com/maps/search/PIM+VINA+Co.,+LTD+NAM+DINH+Vietnam",4.3
"PINEWOODS CO.,LTD","https://www.google.com/maps/search/PINEWOODS+CO.,LTD+HA+NOI+Vietnam",4.0
"PIONEER PLASTIC INDUSTRIAL CO., LTD","https://www.google.com/maps/search/PIONEER+PLASTIC+INDUSTRIAL+CO.,+LTD+HUNG+YEN+Vietnam",4.3
PIZZA&,https://www.google.com/maps/search/PIZZA&+HA+NOI+Vietnam,4.4
PL TECH COMPANY LIMITED.,https://www.google.com/maps/search/PL+TECH+COMPANY+LIMITED.+BAC+NINH+Vietnam,4.6
"PLACHEM VINA CO.,LTD","https://www.google.com/maps/search/PLACHEM+VINA+CO.,LTD+BAC+NINH+Vietnam",4.2
"Plan ADD Viet Nam Co., LTD","https://www.google.com/maps/search/Plan+ADD+Viet+Nam+Co.,+LTD+HA+NOI+Vietnam",4.5
PLASCOM VINA,https://www.google.com/maps/search/PLASCOM+VINA+PHU+THO+Vietnam,4.2
Plastic Chemicals Group Joint Stock Company,https://www.google.com/maps/search/Plastic+Chemicals+Group+Joint+Stock+Company+HA+NOI+Vietnam,4.3
"PLK CHEMICAL CO., LTD","https://www.google.com/maps/search/PLK+CHEMICAL+CO.,+LTD+HA+NAM+Vietnam",4.3
PLUS MART,https://www.google.com/maps/search/PLUS+MART+HA+NOI+Vietnam,4.4
PLUS ONE,https://www.google.com/maps/search/PLUS+ONE+HA+NOI+Vietnam,4.1
"PMC VINA CO.,LTD","https://www.google.com/maps/search/PMC+VINA+CO.,LTD+HAI+DUONG+Vietnam",4.3
PMS VINA,https://www.google.com/maps/search/PMS+VINA+BAC+NINH+Vietnam,4.2
PNA VINA,https://www.google.com/maps/search/PNA+VINA+HA+NOI+Vietnam,4.5
PNP KOREA,https://www.google.com/maps/search/PNP+KOREA+HAI+DUONG+Vietnam,4.3
"PO SUNG MEC CO.,LTD","https://www.google.com/maps/search/PO+SUNG+MEC+CO.,LTD+HA+NOI+Vietnam",4.5
"POCONS VINA CO.,LTD","https://www.google.com/maps/search/POCONS+VINA+CO.,LTD+BAC+NINH+Vietnam",4.4
POLY TECH VINA,https://www.google.com/maps/search/POLY+TECH+VINA+NINH+BINH+Vietnam,
"POLYMOS VIET NAM CO.,LTDLTD","https://www.google.com/maps/search/POLYMOS+VIET+NAM+CO.,LTDLTD+HA+NOI+Vietnam",4.1
"POONG SHIN VINA CO.,LTD","https://www.google.com/maps/search/POONG+SHIN+VINA+CO.,LTD+THAI+BINH+Vietnam",4.4
POONGCHIN VINA,https://www.google.com/maps/search/POONGCHIN+VINA+HA+NOI+Vietnam,4.3
"PORTAL SAFETY Co.,Ltd","https://www.google.com/maps/search/PORTAL+SAFETY+Co.,Ltd+BAC+NINH+Vietnam",4.1
POSCO E&C,https://www.google.com/maps/search/POSCO+E&C+HA+NOI+Vietnam,4.1
POSCO INTERNATIONAL,https://www.google.com/maps/search/POSCO+INTERNATIONAL+HA+NOI+Vietnam,4.5
POSCO VIETNAM,https://www.google.com/maps/search/POSCO+VIETNAM+HA+NOI+Vietnam,4.3
"POSCO VIETNAM PROCESSING CENTER CO.,LTD","https://www.google.com/maps/search/POSCO+VIETNAM+PROCESSING+CENTER+CO.,LTD+HAI+DUONG+Vietnam",3.8
POSCO VST,https://www.google.com/maps/search/POSCO+VST+DONG+NAI+Vietnam,4.4
POSCO YAMATO VINA,https://www.google.com/maps/search/POSCO+YAMATO+VINA+VUNG+TAU+Vietnam,4.2
Potique Hotel,https://www.google.com/maps/search/Potique+Hotel+KHANH+HOA+Vietnam,4.4
POWERLOGICS,https://www.google.com/maps/search/POWERLOGICS+VINH+PHUC+Vietnam,4.0
PREMIER CATERING SERVICE,https://www.google.com/maps/search/PREMIER+CATERING+SERVICE+HA+NOI+Vietnam,4.6
PREMIER VILLAGE RESORT,https://www.google.com/maps/search/PREMIER+VILLAGE+RESORT+DA+NANG+Vietnam,4.4
"PRETTL VIETNAM CO., LTD","https://www.google.com/maps/search/PRETTL+VIETNAM+CO.,+LTD+HAI+DUONG+Vietnam",4.1
PREX VINH COMPANY LIMITED,https://www.google.com/maps/search/PREX+VINH+COMPANY+LIMITED+NGHE+AN+Vietnam,4.3
PRINTLOGIC,https://www.google.com/maps/search/PRINTLOGIC+HO+CHI+MINH+Vietnam,4.1
PROJECT FOR ENHANCING CAPACITY ON EXPRESSWAY O&M,https://www.google.com/maps/search/PROJECT+FOR+ENHANCING+CAPACITY+ON+EXPRESSWAY+O&M+HA+NOI+Vietnam,4.3
PROJECT MANAGEMENT INTERNATIONAL,https://www.google.com/maps/search/PROJECT+MANAGEMENT+INTERNATIONAL+HA+NOI+Vietnam,4.3
"PROMADE VINA CO.,LTD","https://www.google.com/maps/search/PROMADE+VINA+CO.,LTD+BAC+GIANG+Vietnam",4.3
PROMISEON VIETNAM,https://www.google.com/maps/search/PROMISEON+VIETNAM+BAC+NINH+Vietnam,4.2
PT DAEHAN GLOBAL YEN DUNG JOINT STOCK COMPANY,https://www.google.com/maps/search/PT+DAEHAN+GLOBAL+YEN+DUNG+JOINT+STOCK+COMPANY+BAC+GIANG+Vietnam,
PT VINA,https://www.google.com/maps/search/PT+VINA+VINH+PHUC+Vietnam,4.3
PUDADAC,https://www.google.com/maps/search/PUDADAC+HA+NOI+Vietnam,
PULLMAN HA NOI HOTEL,https://www.google.com/maps/search/PULLMAN+HA+NOI+HOTEL+HA+NOI+Vietnam,4.5
PURETECH VIETNAM,https://www.google.com/maps/search/PURETECH+VIETNAM+HA+NOI+Vietnam,4.6
PURITECH,https://www.google.com/maps/search/PURITECH+HUNG+YEN+Vietnam,4.6
PUYOUNG VIETNAM,https://www.google.com/maps/search/PUYOUNG+VIETNAM+HUNG+YEN+Vietnam,4.6
"PV- INCONESS., Corp","https://www.google.com/maps/search/PV-+INCONESS.,+Corp+NINH+BINH+Vietnam",4.4
"PYUNG AHN VINA CO., LTD","https://www.google.com/maps/search/PYUNG+AHN+VINA+CO.,+LTD+BAC+NINH+Vietnam",4.5
QUANG BINH SURIMI,https://www.google.com/maps/search/QUANG+BINH+SURIMI+QUANG+BINH+Vietnam,4.4
QUANG MINH FOOD,https://www.google.com/maps/search/QUANG+MINH+FOOD+HUNG+YEN+Vietnam,4.3
RCE-VINA COMPANY LIMITED,https://www.google.com/maps/search/RCE-VINA+COMPANY+LIMITED+HA+NOI+Vietnam,3.8
RED APRON,https://www.google.com/maps/search/RED+APRON+HA+NOI+Vietnam,4.7
REFINE,https://www.google.com/maps/search/REFINE+PHU+THO+Vietnam,4.2
Regus The Sun,https://www.google.com/maps/search/Regus+The+Sun+HA+NOI+Vietnam,4.4
REMOTECH,https://www.google.com/maps/search/REMOTECH+BAC+NINH+Vietnam,4.2
"RENO SMI VN CO.,LTD","https://www.google.com/maps/search/RENO+SMI+VN+CO.,LTD+HA+NOI+Vietnam",5.0
RESCON VIETNAM,https://www.google.com/maps/search/RESCON+VIETNAM+HAI+DUONG+Vietnam,4.4
RE-TECK,https://www.google.com/maps/search/RE-TECK+HAI+PHONG+Vietnam,
REXTECH INC,https://www.google.com/maps/search/REXTECH+INC+HA+NOI+Vietnam,3.8
RFTech Thai Nguyen Company Limited,https://www.google.com/maps/search/RFTech+Thai+Nguyen+Company+Limited+THAI+NGUYEN+Vietnam,4.4
RHEAS VINA COMPANY LIMITED,https://www.google.com/maps/search/RHEAS+VINA+COMPANY+LIMITED+BAC+NINH+Vietnam,4.5
"RIO (QUANG NAM) SEWING THREADS CO., LTD","https://www.google.com/maps/search/RIO+(QUANG+NAM)+SEWING+THREADS+CO.,+LTD+QUANG+NAM+Vietnam",
ROL VINA,https://www.google.com/maps/search/ROL+VINA+BAC+GIANG+Vietnam,4.5
ROMON VINA COMPANY LIMITED,https://www.google.com/maps/search/ROMON+VINA+COMPANY+LIMITED+HAI+PHONG+Vietnam,
Rouse Legal Vietnam Ltd.,https://www.google.com/maps/search/Rouse+Legal+Vietnam+Ltd.+HO+CHI+MINH+Vietnam,4.6
"ROY VINA CO.,LTD","https://www.google.com/maps/search/ROY+VINA+CO.,LTD+BAC+GIANG+Vietnam",3.9
ROYGENT PARKS HA NOI,https://www.google.com/maps/search/ROYGENT+PARKS+HA+NOI+HA+NOI+Vietnam,4.5
"RSQUARE VIET NAM CO., LTD","https://www.google.com/maps/search/RSQUARE+VIET+NAM+CO.,+LTD+HA+NOI+Vietnam",3.9
"RYONG IN VINA Co.,Ltd","https://www.google.com/maps/search/RYONG+IN+VINA+Co.,Ltd+BAC+NINH+Vietnam",3.9
S & I VIETNAM CONSTRUCTION COMPANY LIMITED,https://www.google.com/maps/search/S+&+I+VIETNAM+CONSTRUCTION+COMPANY+LIMITED+HAI+PHONG+Vietnam,4.6
S&H VINA,https://www.google.com/maps/search/S&H+VINA+THANH+HOA+Vietnam,4.2
S.I TECH VIETNAM,https://www.google.com/maps/search/S.I+TECH+VIETNAM+BAC+NINH+Vietnam,4.0
"S.U.N.N.Y TECHNOLOGY BRANCH Co.,Ltd","https://www.google.com/maps/search/S.U.N.N.Y+TECHNOLOGY+BRANCH+Co.,Ltd+PHU+THO+Vietnam",
S-1 CORPORATION VIET NAM,https://www.google.com/maps/search/S-1+CORPORATION+VIET+NAM+BAC+NINH+Vietnam,4.6
S1 EXPRESS,https://www.google.com/maps/search/S1+EXPRESS+HA+NOI+Vietnam,4.0
SAEHAN GREEN VINA,https://www.google.com/maps/search/SAEHAN+GREEN+VINA+HA+NOI+Vietnam,4.6
SAEJONG VINA,https://www.google.com/maps/search/SAEJONG+VINA+HA+NOI+Vietnam,4.5
SAEKWANG ENG VINA,https://www.google.com/maps/search/SAEKWANG+ENG+VINA+BAC+GIANG+Vietnam,4.6
SAINT VINA,https://www.google.com/maps/search/SAINT+VINA+PHU+THO+Vietnam,4.5
"SALON D CO.,LTD","https://www.google.com/maps/search/SALON+D+CO.,LTD+DA+NANG+Vietnam",4.0
"SAM IL CONSTRUCTION CO., LTD","https://www.google.com/maps/search/SAM+IL+CONSTRUCTION+CO.,+LTD+HA+NOI+Vietnam",4.5
SAM KWANG AIR TECH,https://www.google.com/maps/search/SAM+KWANG+AIR+TECH+BAC+NINH+Vietnam,4.5
"SAM SUNG INDUSTRIAL Co.,Ltd","https://www.google.com/maps/search/SAM+SUNG+INDUSTRIAL+Co.,Ltd+BAC+NINH+Vietnam",4.5
SAMA INDUSTRIES VINA,https://www.google.com/maps/search/SAMA+INDUSTRIES+VINA+BAC+GIANG+Vietnam,4.5
"SAMAS VINA CO., LTD","https://www.google.com/maps/search/SAMAS+VINA+CO.,+LTD+HA+NAM+Vietnam",3.9
SAMCHULLY CARBOTECH VIETNAM,https://www.google.com/maps/search/SAMCHULLY+CARBOTECH+VIETNAM+HAI+DUONG+Vietnam,
SAMDUCK KDP,https://www.google.com/maps/search/SAMDUCK+KDP+HA+NOI+Vietnam,4.6
SAMHWA PAINTS VINA,https://www.google.com/maps/search/SAMHWA+PAINTS+VINA+BAC+NINH+Vietnam,4.3
SAMHWA VIET NAM COMPANY LIMITED,https://www.google.com/maps/search/SAMHWA+VIET+NAM+COMPANY+LIMITED+PHU+THO+Vietnam,4.9
SAMHWA YANGHENG VINA,https://www.google.com/maps/search/SAMHWA+YANGHENG+VINA+THAI+NGUYEN+Vietnam,4.9
SAMIN VINA,https://www.google.com/maps/search/SAMIN+VINA+BAC+NINH+Vietnam,4.6
SAMJIN LND VINACO,https://www.google.com/maps/search/SAMJIN+LND+VINACO+VINH+PHUC+Vietnam,4.5
"SAMJU TRADE CO.,LTD","https://www.google.com/maps/search/SAMJU+TRADE+CO.,LTD+HO+CHI+MINH+Vietnam",4.2
SAMJUVINA,https://www.google.com/maps/search/SAMJUVINA+THAI+NGUYEN+Vietnam,4.4
SAMKYOUNG VINA,https://www.google.com/maps/search/SAMKYOUNG+VINA+HA+NAM+Vietnam,4.4
"SAMPO VINA CO.,LTD","https://www.google.com/maps/search/SAMPO+VINA+CO.,LTD+BAC+NINH+Vietnam",4.5
SAMSIN VINA,https://www.google.com/maps/search/SAMSIN+VINA+HA+NAM+Vietnam,4.6
SAMSON EPOXY,https://www.google.com/maps/search/SAMSON+EPOXY+HA+NOI+Vietnam,4.5
"Samsung Climate Control Vietnam Co., Ltd","https://www.google.com/maps/search/Samsung+Climate+Control+Vietnam+Co.,+Ltd+HA+NAM+Vietnam",4.5
SAMSUNG DISPLAY VIETNAM,https://www.google.com/maps/search/SAMSUNG+DISPLAY+VIETNAM+BAC+NINH+Vietnam,
SAMSUNG ELECTRONICS MECHANICS VIETNAM-SEMV,https://www.google.com/maps/search/SAMSUNG+ELECTRONICS+MECHANICS+VIETNAM-SEMV+THAI+NGUYEN+Vietnam,4.3
SAMSUNG ELECTRONICS VIETNAM,https://www.google.com/maps/search/SAMSUNG+ELECTRONICS+VIETNAM+BAC+NINH+Vietnam,3.9
SAMSUNG SDS VIETNAM,https://www.google.com/maps/search/SAMSUNG+SDS+VIETNAM+BAC+NINH+Vietnam,4.1
SAMSUNG VINA INSURANCE,https://www.google.com/maps/search/SAMSUNG+VINA+INSURANCE+HA+NOI+Vietnam,4.3
SAMSUNG WELSTORY VIETNAM,https://www.google.com/maps/search/SAMSUNG+WELSTORY+VIETNAM+BAC+NINH+Vietnam,4.2
"SAMWOO EMS VINA CO.,LTD","https://www.google.com/maps/search/SAMWOO+EMS+VINA+CO.,LTD+BAC+NINH+Vietnam",
SAMWOOELECO HA NOI,https://www.google.com/maps/search/SAMWOOELECO+HA+NOI+HA+NOI+Vietnam,
SAMYANG ANIMAL CLINIC,https://www.google.com/maps/search/SAMYANG+ANIMAL+CLINIC+HA+NOI+Vietnam,4.3
"SAMYANG ANIPHARM CO.,LTD","https://www.google.com/maps/search/SAMYANG+ANIPHARM+CO.,LTD+HA+NOI+Vietnam",4.1
SAN DUL CHE,https://www.google.com/maps/search/SAN+DUL+CHE+HA+NOI+Vietnam,4.2
"SANG-A FRONTEC VINA Co.,Ltd","https://www.google.com/maps/search/SANG-A+FRONTEC+VINA+Co.,Ltd+BAC+NINH+Vietnam",4.7
"Sangwoo Vietnam Co., Ltd","https://www.google.com/maps/search/Sangwoo+Vietnam+Co.,+Ltd+NGHE+AN+Vietnam",3.9
SANHA,https://www.google.com/maps/search/SANHA+BAC+GIANG+Vietnam,4.4
"SANICO VIETNAM Co.,Ltd","https://www.google.com/maps/search/SANICO+VIETNAM+Co.,Ltd+NINH+BINH+Vietnam",4.0
"SANSHO JK-HA NOI CO.,LTD","https://www.google.com/maps/search/SANSHO+JK-HA+NOI+CO.,LTD+BAC+GIANG+Vietnam",4.2
SANTOH VINA LOGISTICS,https://www.google.com/maps/search/SANTOH+VINA+LOGISTICS+HA+NOI+Vietnam,3.9
SAO DO INVESTMENT GROUP JSC,https://www.google.com/maps/search/SAO+DO+INVESTMENT+GROUP+JSC+HAI+PHONG+Vietnam,
SAPA JADE HILL HOSPITALITY MANAGEMENT J.S.C,https://www.google.com/maps/search/SAPA+JADE+HILL+HOSPITALITY+MANAGEMENT+J.S.C+HA+NOI+Vietnam,4.0
Savills Vietnam,https://www.google.com/maps/search/Savills+Vietnam+HA+NOI+Vietnam,4.5
SB INVEST GROUP,https://www.google.com/maps/search/SB+INVEST+GROUP+HA+NOI+Vietnam,4.3
SBB medical service joint stock company,https://www.google.com/maps/search/SBB+medical+service+joint+stock+company+HA+NOI+Vietnam,4.4
SB-TECH VINA,https://www.google.com/maps/search/SB-TECH+VINA+HA+NOI+Vietnam,4.9
S-CONNECT BG VINA,https://www.google.com/maps/search/S-CONNECT+BG+VINA+BAC+GIANG+Vietnam,4.6
SD CHEMICAL VINA,https://www.google.com/maps/search/SD+CHEMICAL+VINA+BAC+NINH+Vietnam,4.5
SD GLOBAL VIETNAM Ltd,https://www.google.com/maps/search/SD+GLOBAL+VIETNAM+Ltd+HAI+DUONG+Vietnam,4.2
"SD INDUSTRIAL VINA CO.,LTD","https://www.google.com/maps/search/SD+INDUSTRIAL+VINA+CO.,LTD+HA+NOI+Vietnam",4.4
SDS INDUSTRY,https://www.google.com/maps/search/SDS+INDUSTRY+HA+NAM+Vietnam,4.2
SDT VINA,https://www.google.com/maps/search/SDT+VINA+VINH+PHUC+Vietnam,4.4
