Tên Công Ty,Google Maps Link
SE MYUNG ELECTRIC & POWER,https://www.google.com/maps/search/SE+MYUNG+ELECTRIC+&+POWER+HA+NOI+Vietnam
"SEA HENG TECH VIETNAM Co.,Ltd","https://www.google.com/maps/search/SEA+HENG+TECH+VIETNAM+Co.,Ltd+BAC+NINH+Vietnam"
SEAH VINA,https://www.google.com/maps/search/SEAH+VINA+BAC+NINH+Vietnam
SEAHENGINEERING VIET NAM COMPANY LIMITED,https://www.google.com/maps/search/SEAHENGINEERING+VIET+NAM+COMPANY+LIMITED+BAC+GIANG+Vietnam
"SEAN E&C VINA Co.,Ltd","https://www.google.com/maps/search/SEAN+E&C+VINA+Co.,Ltd+THAI+NGUYEN+Vietnam"
"SEBANG CHAIN VINA CO.,LTD","https://www.google.com/maps/search/SEBANG+CHAIN+VINA+CO.,LTD+HA+NAM+Vietnam"
SEBANG VINA,https://www.google.com/maps/search/SEBANG+VINA+HUNG+YEN+Vietnam
"SEBOMEC VIETNAM Co.,Ltd","https://www.google.com/maps/search/SEBOMEC+VIETNAM+Co.,Ltd+HA+NOI+Vietnam"
SEBONG VINA CORP,https://www.google.com/maps/search/SEBONG+VINA+CORP+BAC+NINH+Vietnam
SEDO VINAKO,https://www.google.com/maps/search/SEDO+VINAKO+QUANG+NAM+Vietnam
SEGI VIET NAM,https://www.google.com/maps/search/SEGI+VIET+NAM+VINH+PHUC+Vietnam
SEGYUNG VINA,https://www.google.com/maps/search/SEGYUNG+VINA+BAC+NINH+Vietnam
SEHWA,https://www.google.com/maps/search/SEHWA+VINH+PHUC+Vietnam
SEHYUN TRADE,https://www.google.com/maps/search/SEHYUN+TRADE+BAC+NINH+Vietnam
SEIJIN BAGS VINA,https://www.google.com/maps/search/SEIJIN+BAGS+VINA+PHU+THO+Vietnam
SEIL M - TECH VINA COMPANY LIMITED,https://www.google.com/maps/search/SEIL+M+-+TECH+VINA+COMPANY+LIMITED+THANH+HOA+Vietnam
SEILENS,https://www.google.com/maps/search/SEILENS+HA+NOI+Vietnam
SEIN BLUE TEC VIETNAM,https://www.google.com/maps/search/SEIN+BLUE+TEC+VIETNAM+BAC+GIANG+Vietnam
"SEIN I&D VIETNAM CO., LTD.","https://www.google.com/maps/search/SEIN+I&D+VIETNAM+CO.,+LTD.+HA+NOI+Vietnam"
SEIN T&T VIETNAM,https://www.google.com/maps/search/SEIN+T&T+VIETNAM+HA+NOI+Vietnam
"SEIN TOGETHER KEE EUN CO., LTD","https://www.google.com/maps/search/SEIN+TOGETHER+KEE+EUN+CO.,+LTD+PHU+THO+Vietnam"
"SEIN VINA Co.,Ltd","https://www.google.com/maps/search/SEIN+VINA+Co.,Ltd+THAI+NGUYEN+Vietnam"
"SEJIN ELECTRONICS VINA CO.,LTD","https://www.google.com/maps/search/SEJIN+ELECTRONICS+VINA+CO.,LTD+VINH+PHUC+Vietnam"
SEJIN INDUSTRY VINA,https://www.google.com/maps/search/SEJIN+INDUSTRY+VINA+BAC+NINH+Vietnam
"SEJIN VINA CO.,LTD","https://www.google.com/maps/search/SEJIN+VINA+CO.,LTD+HAI+DUONG+Vietnam"
"SEJONG WISE VINA CO.,LTD","https://www.google.com/maps/search/SEJONG+WISE+VINA+CO.,LTD+BAC+GIANG+Vietnam"
SEJOONG ETG TRAVEL,https://www.google.com/maps/search/SEJOONG+ETG+TRAVEL+HUNG+YEN+Vietnam
SEJUNG VIET NAM,https://www.google.com/maps/search/SEJUNG+VIET+NAM+NINH+BINH+Vietnam
SEKONIX VINA,https://www.google.com/maps/search/SEKONIX+VINA+VINH+PHUC+Vietnam
SEKWANG VINA,https://www.google.com/maps/search/SEKWANG+VINA+THAI+NGUYEN+Vietnam
Sem Diamond,https://www.google.com/maps/search/Sem+Diamond+HAI+PHONG+Vietnam
SEM MICRO COMPANY LIMITED,https://www.google.com/maps/search/SEM+MICRO+COMPANY+LIMITED+HAI+PHONG+Vietnam
"SEMAPO VINA CO.,LTD","https://www.google.com/maps/search/SEMAPO+VINA+CO.,LTD+HUNG+YEN+Vietnam"
SEMBCORP,https://www.google.com/maps/search/SEMBCORP+HA+NOI+Vietnam
SEMITECH VINA,https://www.google.com/maps/search/SEMITECH+VINA+BAC+GIANG+Vietnam
"SEMO VIETNAM CONSTRUCTION Co.,Ltd","https://www.google.com/maps/search/SEMO+VIETNAM+CONSTRUCTION+Co.,Ltd+HA+NOI+Vietnam"
SENA TECH,https://www.google.com/maps/search/SENA+TECH+BAC+NINH+Vietnam
Seo Kwang Vina E.V.A Hanoi,https://www.google.com/maps/search/Seo+Kwang+Vina+E.V.A+Hanoi+HUNG+YEN+Vietnam
"SEO NAM CO.,LTD","https://www.google.com/maps/search/SEO+NAM+CO.,LTD+QUANG+NAM+Vietnam"
SEO-HO INC VINA,https://www.google.com/maps/search/SEO-HO+INC+VINA+HA+NOI+Vietnam
SEOHUI VIETNAM,https://www.google.com/maps/search/SEOHUI+VIETNAM+THAI+NGUYEN+Vietnam
SEOI VINA TRADE COMPANY LIMITED,https://www.google.com/maps/search/SEOI+VINA+TRADE+COMPANY+LIMITED+BAC+NINH+Vietnam
"SEOJIN AUTO CO., LTD","https://www.google.com/maps/search/SEOJIN+AUTO+CO.,+LTD+BAC+NINH+Vietnam"
"SEOJIN SYSTEM VINA CO.,LTD","https://www.google.com/maps/search/SEOJIN+SYSTEM+VINA+CO.,LTD+BAC+NINH+Vietnam"
"SEOJIN VIET NAM CO.,LTD","https://www.google.com/maps/search/SEOJIN+VIET+NAM+CO.,LTD+BAC+GIANG+Vietnam"
"SEOJIN VINA CO.,LTD","https://www.google.com/maps/search/SEOJIN+VINA+CO.,LTD+BAC+NINH+Vietnam"
"SEOKANG VINA CO.,LTD","https://www.google.com/maps/search/SEOKANG+VINA+CO.,LTD+PHU+THO+Vietnam"
"SEONG MIN INTERNATIONAL CO.,LTD","https://www.google.com/maps/search/SEONG+MIN+INTERNATIONAL+CO.,LTD+DA+NANG+Vietnam"
SEONG MO KOREA JOINT STOCK COMPANY,https://www.google.com/maps/search/SEONG+MO+KOREA+JOINT+STOCK+COMPANY+DA+NANG+Vietnam
SEONGHO TECH VINA,https://www.google.com/maps/search/SEONGHO+TECH+VINA+HAI+PHONG+Vietnam
SEOSIN ELECTRONICS VINA,https://www.google.com/maps/search/SEOSIN+ELECTRONICS+VINA+HA+NAM+Vietnam
SEOUL AQUA,https://www.google.com/maps/search/SEOUL+AQUA+HO+CHI+MINH+Vietnam
"SEOUL GUARANTEE INSURANCE Co.,Ltd - HA NOI BRANCH","https://www.google.com/maps/search/SEOUL+GUARANTEE+INSURANCE+Co.,Ltd+-+HA+NOI+BRANCH+HA+NOI+Vietnam"
"SEOUL I.E.VINA CO.,LTD","https://www.google.com/maps/search/SEOUL+I.E.VINA+CO.,LTD+HAI+DUONG+Vietnam"
SEOUL METAL VIETNAM,https://www.google.com/maps/search/SEOUL+METAL+VIETNAM+BAC+NINH+Vietnam
SEOUL PRINT VINA,https://www.google.com/maps/search/SEOUL+PRINT+VINA+VINH+PHUC+Vietnam
SEOUL REALESTATE & CONSULTING,https://www.google.com/maps/search/SEOUL+REALESTATE+&+CONSULTING+HA+NOI+Vietnam
Seoul Semiconductor Vina,https://www.google.com/maps/search/Seoul+Semiconductor+Vina+HA+NAM+Vietnam
"SEOWOO VINA CO.,LTD","https://www.google.com/maps/search/SEOWOO+VINA+CO.,LTD+BAC+NINH+Vietnam"
SERA ELEVATOR VINA,https://www.google.com/maps/search/SERA+ELEVATOR+VINA+THAI+NGUYEN+Vietnam
SERVEONE (VIETNAM),https://www.google.com/maps/search/SERVEONE+(VIETNAM)+HAI+PHONG+Vietnam
"SET VINA Co., Ltd.","https://www.google.com/maps/search/SET+VINA+Co.,+Ltd.+HA+NAM+Vietnam"
SEUM A&C VIETNAM,https://www.google.com/maps/search/SEUM+A&C+VIETNAM+HA+NOI+Vietnam
SEUNGWOO VINA Co. Ltd.,https://www.google.com/maps/search/SEUNGWOO+VINA+Co.+Ltd.+THAI+NGUYEN+Vietnam
SEWON VINA,https://www.google.com/maps/search/SEWON+VINA+BAC+NINH+Vietnam
"SEY CARTOON MANUFACTURING CO.,LTD","https://www.google.com/maps/search/SEY+CARTOON+MANUFACTURING+CO.,LTD+HA+NOI+Vietnam"
SEYOUNG VIETNAM,https://www.google.com/maps/search/SEYOUNG+VIETNAM+HAI+PHONG+Vietnam
"SG TECH VIETNAM CO.,LTD","https://www.google.com/maps/search/SG+TECH+VIETNAM+CO.,LTD+HA+NAM+Vietnam"
SH Innovation,https://www.google.com/maps/search/SH+Innovation+HA+NOI+Vietnam
SHC VINA,https://www.google.com/maps/search/SHC+VINA+BAC+GIANG+Vietnam
SHELLINE,https://www.google.com/maps/search/SHELLINE+HA+NOI+Vietnam
Sheraton Hai Phong,https://www.google.com/maps/search/Sheraton+Hai+Phong+HAI+PHONG+Vietnam
SHILLIM VIETNAM,https://www.google.com/maps/search/SHILLIM+VIETNAM+PHU+THO+Vietnam
SHIN CHANG VINA COMPANY LIMITED,https://www.google.com/maps/search/SHIN+CHANG+VINA+COMPANY+LIMITED+QUANG+NAM+Vietnam
SHIN HWA CONTECH VINA,https://www.google.com/maps/search/SHIN+HWA+CONTECH+VINA+THAI+NGUYEN+Vietnam
SHIN MYUNG FIRST,https://www.google.com/maps/search/SHIN+MYUNG+FIRST+NAM+DINH+Vietnam
SHIN SUNG C&T VINA,https://www.google.com/maps/search/SHIN+SUNG+C&T+VINA+THAI+NGUYEN+Vietnam
SHIN SUNG VINA,https://www.google.com/maps/search/SHIN+SUNG+VINA+BAC+GIANG+Vietnam
SHIN YONG,https://www.google.com/maps/search/SHIN+YONG+HUNG+YEN+Vietnam
"SHIN YONG VIETNAM CO.,LTD","https://www.google.com/maps/search/SHIN+YONG+VIETNAM+CO.,LTD+HAI+PHONG+Vietnam"
SHINA TECH VIETNAM,https://www.google.com/maps/search/SHINA+TECH+VIETNAM+BAC+GIANG+Vietnam
SHINE ART,https://www.google.com/maps/search/SHINE+ART+HA+NAM+Vietnam
"SHINEI CORONA VIETNAM Co.,Ltd","https://www.google.com/maps/search/SHINEI+CORONA+VIETNAM+Co.,Ltd+HUNG+YEN+Vietnam"
SHINHAN BANK VIETNAM,https://www.google.com/maps/search/SHINHAN+BANK+VIETNAM+HA+NOI+Vietnam
SHINHAN ELEVATOR VIETNAM,https://www.google.com/maps/search/SHINHAN+ELEVATOR+VIETNAM+HA+NOI+Vietnam
SHINHAN J&P,https://www.google.com/maps/search/SHINHAN+J&P+BAC+NINH+Vietnam
SHINHAN LIFE INSURANCE,https://www.google.com/maps/search/SHINHAN+LIFE+INSURANCE+HA+NOI+Vietnam
SHINHAN TECH VINA,https://www.google.com/maps/search/SHINHAN+TECH+VINA+HA+NOI+Vietnam
"SHINHEUNG VINA. CO., LTD","https://www.google.com/maps/search/SHINHEUNG+VINA.+CO.,+LTD+HAI+DUONG+Vietnam"
"SHINHO VINA CO.,LTD","https://www.google.com/maps/search/SHINHO+VINA+CO.,LTD+BAC+NINH+Vietnam"
SHINHWA TNS,https://www.google.com/maps/search/SHINHWA+TNS+NAM+DINH+Vietnam
"SHINHWA VINA CO.,LTD","https://www.google.com/maps/search/SHINHWA+VINA+CO.,LTD+BAC+NINH+Vietnam"
SHINKI SPECIAL TOOL,https://www.google.com/maps/search/SHINKI+SPECIAL+TOOL+HA+NOI+Vietnam
SHINPOONG TECH VINA,https://www.google.com/maps/search/SHINPOONG+TECH+VINA+THAI+NGUYEN+Vietnam
"SHINSUNG ELECTRONICS VINA CO.,LTD","https://www.google.com/maps/search/SHINSUNG+ELECTRONICS+VINA+CO.,LTD+HUNG+YEN+Vietnam"
SHINSUNG ENG (VIETNAM),https://www.google.com/maps/search/SHINSUNG+ENG+(VIETNAM)+HA+NOI+Vietnam
"SHINSUNG TECHNOLOGY VIETNAM CO.,LTD","https://www.google.com/maps/search/SHINSUNG+TECHNOLOGY+VIETNAM+CO.,LTD+THAI+NGUYEN+Vietnam"
SHINSUNG VINA,https://www.google.com/maps/search/SHINSUNG+VINA+BAC+GIANG+Vietnam
"SHINTECH VINA CO.,LTD","https://www.google.com/maps/search/SHINTECH+VINA+CO.,LTD+HA+NAM+Vietnam"
"SHINTS BVT CO.,LTD","https://www.google.com/maps/search/SHINTS+BVT+CO.,LTD+HAI+DUONG+Vietnam"
SHINUS VINA,https://www.google.com/maps/search/SHINUS+VINA+THAI+NGUYEN+Vietnam
SHINWALL TRAVEL,https://www.google.com/maps/search/SHINWALL+TRAVEL+HA+NOI+Vietnam
SHINWON EBENEZER HA NOI,https://www.google.com/maps/search/SHINWON+EBENEZER+HA+NOI+THAI+NGUYEN+Vietnam
SHINWON EBENEZER VIET NAM,https://www.google.com/maps/search/SHINWON+EBENEZER+VIET+NAM+VINH+PHUC+Vietnam
"SHINWOO INDUSTRIES VINA Co.,Ltd","https://www.google.com/maps/search/SHINWOO+INDUSTRIES+VINA+Co.,Ltd+HA+NOI+Vietnam"
SHINWOO P&C VINA,https://www.google.com/maps/search/SHINWOO+P&C+VINA+HA+NOI+Vietnam
SHINWOO TECH COMPANY LIMITED,https://www.google.com/maps/search/SHINWOO+TECH+COMPANY+LIMITED+BAC+NINH+Vietnam
SHINWOO TNC VINA,https://www.google.com/maps/search/SHINWOO+TNC+VINA+HA+NOI+Vietnam
"SHINYANG METAL VIET NAM CO.,LTD","https://www.google.com/maps/search/SHINYANG+METAL+VIET+NAM+CO.,LTD+HAI+DUONG+Vietnam"
SHINYANG TECH VINA,https://www.google.com/maps/search/SHINYANG+TECH+VINA+BAC+NINH+Vietnam
SHINYONG LOFARMA,https://www.google.com/maps/search/SHINYONG+LOFARMA+HA+NOI+Vietnam
SHL VINA TRADING,https://www.google.com/maps/search/SHL+VINA+TRADING+HA+NOI+Vietnam
SHTEK TECHNOLOGY JSC,https://www.google.com/maps/search/SHTEK+TECHNOLOGY+JSC+HA+NOI+Vietnam
SI FLEX VIETNAM,https://www.google.com/maps/search/SI+FLEX+VIETNAM+BAC+GIANG+Vietnam
"SI NETWORKS CO.,LTD","https://www.google.com/maps/search/SI+NETWORKS+CO.,LTD+HA+NOI+Vietnam"
SIANINTRO INC,https://www.google.com/maps/search/SIANINTRO+INC+KOREA+Vietnam
SILKROAD HA NOI JSC.,https://www.google.com/maps/search/SILKROAD+HA+NOI+JSC.+HAI+DUONG+Vietnam
SILVER MOUNTAIN LOGISTICS (VIETNAM),https://www.google.com/maps/search/SILVER+MOUNTAIN+LOGISTICS+(VIETNAM)+HA+NOI+Vietnam
SIMPLINE,https://www.google.com/maps/search/SIMPLINE+HA+NOI+Vietnam
SIN OH TECH,https://www.google.com/maps/search/SIN+OH+TECH+BAC+NINH+Vietnam
SINDOH VINA,https://www.google.com/maps/search/SINDOH+VINA+VINH+PHUC+Vietnam
SINDOH VINA MARKETING,https://www.google.com/maps/search/SINDOH+VINA+MARKETING+HA+NOI+Vietnam
Sindoh Vina Marketing,https://www.google.com/maps/search/Sindoh+Vina+Marketing+VINH+PHUC+Vietnam
SINGGREEN VINA,https://www.google.com/maps/search/SINGGREEN+VINA+HA+NOI+Vietnam
SINHAN YONG METAL,https://www.google.com/maps/search/SINHAN+YONG+METAL+HUNG+YEN+Vietnam
"SINHEUNG TECH CO,. LTD","https://www.google.com/maps/search/SINHEUNG+TECH+CO,.+LTD+HUNG+YEN+Vietnam"
"SINKWANG VINA CO.,LTD","https://www.google.com/maps/search/SINKWANG+VINA+CO.,LTD+PHU+THO+Vietnam"
SINKWANG VINA COMPANY LIMITED,https://www.google.com/maps/search/SINKWANG+VINA+COMPANY+LIMITED+PHU+THO+Vietnam
SINWOO VINA,https://www.google.com/maps/search/SINWOO+VINA+BAC+NINH+Vietnam
"SISEONG GLOBAL VINA CO.,LTD","https://www.google.com/maps/search/SISEONG+GLOBAL+VINA+CO.,LTD+BAC+NINH+Vietnam"
"SJ AUTOMOTIVE CO., LTD","https://www.google.com/maps/search/SJ+AUTOMOTIVE+CO.,+LTD+HA+NAM+Vietnam"
"SJ ELECTRONICS VINA CO.,LTD.","https://www.google.com/maps/search/SJ+ELECTRONICS+VINA+CO.,LTD.+VINH+PHUC+Vietnam"
"SJ Precision co., Ltd","https://www.google.com/maps/search/SJ+Precision+co.,+Ltd+HAI+PHONG+Vietnam"
"SJT VINA CO.,LTD","https://www.google.com/maps/search/SJT+VINA+CO.,LTD+BAC+NINH+Vietnam"
SK ECO PLANT,https://www.google.com/maps/search/SK+ECO+PLANT+HA+NOI+Vietnam
SK UNIVERSAL,https://www.google.com/maps/search/SK+UNIVERSAL+DA+NANG+Vietnam
SKC HI-TECH & MARKETING VINA,https://www.google.com/maps/search/SKC+HI-TECH+&+MARKETING+VINA+HA+NOI+Vietnam
SK-TECH,https://www.google.com/maps/search/SK-TECH+HA+NOI+Vietnam
SKY DENOV VINA,https://www.google.com/maps/search/SKY+DENOV+VINA+VINH+PHUC+Vietnam
SKY GARDEN HOTEL,https://www.google.com/maps/search/SKY+GARDEN+HOTEL+BAC+NINH+Vietnam
SKY LAKE RESORT & GOLF CLUB,https://www.google.com/maps/search/SKY+LAKE+RESORT+&+GOLF+CLUB+HA+NOI+Vietnam
SKY TRIP,https://www.google.com/maps/search/SKY+TRIP+HA+NOI+Vietnam
SKYCROSS VINA COMPANY LIMITED,https://www.google.com/maps/search/SKYCROSS+VINA+COMPANY+LIMITED+HAI+PHONG+Vietnam
SL ELECTRONICS VIETNAM,https://www.google.com/maps/search/SL+ELECTRONICS+VIETNAM+HAI+PHONG+Vietnam
SL GLOBAL VINA,https://www.google.com/maps/search/SL+GLOBAL+VINA+HA+NOI+Vietnam
"SLS CHEM & TECH CO.,LTD","https://www.google.com/maps/search/SLS+CHEM+&+TECH+CO.,LTD+BAC+NINH+Vietnam"
"SM ADM21 VINA CO.,LTD","https://www.google.com/maps/search/SM+ADM21+VINA+CO.,LTD+NINH+BINH+Vietnam"
"SM TECH VIETNAM CO.,LTD","https://www.google.com/maps/search/SM+TECH+VIETNAM+CO.,LTD+BAC+NINH+Vietnam"
SM TECH VINA ENGINEERING COMPANY LIMITED,https://www.google.com/maps/search/SM+TECH+VINA+ENGINEERING+COMPANY+LIMITED+HAI+PHONG+Vietnam
S-MAC HT,https://www.google.com/maps/search/S-MAC+HT+HA+NAM+Vietnam
